1,jwest0,64vShir9,pcollins0@bing.com,0,1970-04-13
2,jhenderson1,Q9J0n2CY39S,ahudson1@w3.org,1,1979-08-30
3,wferguson2,VB1FUy,balexander2@imgur.com,0,1988-09-30
4,balvarez3,P8AQ1zm,bbell3@nymag.com,0,1988-09-06
5,sperkins4,YB6DZVm,cwagner4@yelp.com,0,1971-11-12
6,dmontgomery5,TLfoqLPPmk,choward5@icio.us,1,1964-08-18
7,efowler6,qJNp3Df,gwelch6@tinyurl.com,0,2013-02-04
8,bbutler7,FjI0idUB0PF,imatthews7@upenn.edu,0,1987-06-23
9,vbradley8,NFT1SEN,jcampbell8@4shared.com,0,1993-12-30
10,jmurphy9,PSIvlHrffaU,gphillips9@wsj.com,1,1995-04-19
11,sreida,76egGXrc,cmontgomerya@hexun.com,1,1951-12-04
12,bcarterb,pymU2NRX,dbishopb@technorati.com,1,1981-06-28
13,mtaylorc,EYHDtw,sfosterc@eepurl.com,1,1969-02-28
14,bfernandezd,Uy9MUBOCE,kperezd@bloomberg.com,1,1996-04-24
15,dkennedye,6PAYwL7zmngr,tvasqueze@51.la,0,1954-04-19
16,pperkinsf,wj3eMXy74,sweaverf@tinyurl.com,0,2007-03-20
17,dwoodg,q8MAZXQJZ,sbutlerg@squarespace.com,0,2009-06-15
18,tdanielsh,tGd5IkOY,jgriffinh@hugedomains.com,0,1979-05-06
19,jknighti,fXGIERdA7bn,thunteri@salon.com,1,2004-08-24
20,jwellsj,J01GfqmQv,dwarrenj@t.co,1,1970-10-28
21,amccoyk,1uluDKJI1,tmorgank@tmall.com,1,1979-08-23
22,tfosterl,T9Mcufs0MPZD,dlongl@house.gov,1,2006-04-14
23,psanchezm,yVkDbfg95yhc,ljonesm@dmoz.org,0,1983-01-09
24,lhicksn,tIPcML,molivern@over-blog.com,1,1961-09-04
25,awatsono,JCigg56z88a,jscotto@gnu.org,1,1974-04-24
26,dblackp,hlsvxJp256yZ,rstewartp@microsoft.com,1,1964-06-07
27,dmurrayq,BJSHzAE,larnoldq@comsenz.com,1,1973-08-19
28,wsandersr,bHTvmoJ4l,cjordanr@shareasale.com,1,2007-10-27
29,esmiths,umzGVNhNb,cfowlers@spotify.com,1,1976-09-08
30,mfostert,tbKBKH,ethompsont@ihg.com,1,1972-10-21
31,abishopu,wz0pFQj,rstevensu@technorati.com,0,1968-09-19
32,mharrisv,9I9OkMB,moliverv@ning.com,1,1961-03-26
33,redwardsw,ZY4xJAA2,mwilsonw@webnode.com,0,2009-01-02
34,rcolex,TXdoRkljtb,jwillisx@skyrock.com,0,1968-03-09
35,ewarreny,HTTm3uZ7fEHf,krosey@wordpress.org,0,1973-02-27
36,cbrooksz,bhSWBhtf67,blawrencez@posterous.com,1,1997-07-03
37,jhenry10,DTVAK7Votrvr,dgreene10@woothemes.com,0,1975-11-09
38,dgrant11,787eseRH,jmoore11@dailymail.co.uk,1,1991-07-19
39,mshaw12,lD5OJcuR,hcole12@unblog.fr,1,1984-09-09
40,whill13,0BFvPE,bstone13@xing.com,1,1988-11-12
41,bmorris14,yUa8lX,rlawson14@google.com,0,1964-02-12
42,rjenkins15,9yDSxLLJ,bmarshall15@ucsd.edu,0,1985-05-17
43,acoleman16,jNrCSMW,amurray16@opera.com,1,1976-03-10
44,gmorrison17,DmNbsHs,hcole17@godaddy.com,0,1975-07-18
45,jduncan18,0fRnXbP6,tcox18@w3.org,1,1994-03-24
46,aharper19,Cd64RkI,dgreene19@ft.com,0,1996-09-25
47,gferguson1a,PL0Kq41zCuS1,rreyes1a@jugem.jp,1,1997-06-23
48,jsmith1b,aE9WEQAQ,slawrence1b@mozilla.org,0,1993-04-12
49,rperry1c,93PrY4cB8ujV,pmatthews1c@stumbleupon.com,1,2005-03-30
50,tharrison1d,BFA3V8SJ,ssmith1d@amazon.co.jp,0,1983-10-18
51,jmendoza1e,ffq8bJNcWx,aweaver1e@earthlink.net,1,1995-03-28
52,prodriguez1f,TA670IS,eking1f@slideshare.net,0,2006-03-07
53,tmartin1g,HvlUwV5,kblack1g@economist.com,0,2013-07-28
54,klarson1h,4ZMokcX,molson1h@vkontakte.ru,1,1977-05-04
55,lcarr1i,xA3Pa6oHbv,jmartin1i@answers.com,1,1992-08-21
56,snelson1j,XsLMFJ,lgreen1j@4shared.com,0,1972-03-24
57,hburns1k,ntWDNlTK14,glong1k@mit.edu,0,1954-01-08
58,cpeters1l,VhZA95tIR,mbell1l@alexa.com,0,1997-08-09
59,kevans1m,Qj71fiCL,bhudson1m@csmonitor.com,1,1986-06-29
60,jclark1n,mFFszQGmr5Y,kfuller1n@blinklist.com,1,1953-10-03
